fold,val_loss,train_loss,epochs_run,F1_avg,F1_Fixation,F1_Saccade,F1_Pursuit,F1_Blink,Prec_Fixation,Prec_Saccade,Prec_Pursuit,Prec_Blink,Rec_Fixation,Rec_Saccade,Rec_Pursuit,Rec_Blink,ev_F1_avg,ev_F1_Fixation,ev_F1_Saccade,ev_F1_Pursuit,ev_F1_Blink,roc_auc_micro,roc_auc_macro
1,0.21704439420998342,0.20922555790697675,300,0.8628804087638855,0.9598146229690752,0.8537857850164792,0.8594155595610086,0.7785057837822167,0.9452626686589435,0.863407416264367,0.890725754100489,0.8852150980715345,0.9748216260306168,0.8443762332821749,0.8302318076695531,0.6947556337481566,0.8648399063920673,0.906676859461056,0.8696123794511957,0.8867660840828003,0.7963043025732174,0.9907103437945984,0.9796199079572093
2,0.20713433492099584,0.18954549378184515,300,0.8698718547821045,0.9628002082093375,0.8509046920064025,0.8765468861450247,0.7892356140853135,0.9499557012401607,0.8588680256711884,0.9037140694835144,0.8833349354352911,0.9759968214393078,0.8430876721138948,0.8509654170924541,0.7132545082921529,0.8726195230653451,0.913825444888611,0.8668974916826805,0.9010213374967473,0.8087338181933419,0.9915191213764146,0.9815360227176267
